Date,Director,Type,Shares,Price_AUD,Total_Value_AUD,Nature,Notes
2025-02-12,Vikesh Ramsunder,Buy,1167106,2.76,3221212.56,On-market purchase,CEO/Managing Director purchase just before Chemist Warehouse merger completion
2025-02-14,Damien Gance,Sell,40000000,3.00,120000000.00,Off-market trade,First post-merger sell-down via DGSR Family Foundation Pty Ltd
2025-04-14,Damien Gance,Sell,100000000,2.97,297000000.00,Off-market trade,Second tranche sell-down via DGSR Family Foundation Pty Ltd
2025-05-09,Damien Gance,Sell,126500000,3.02,382030000.00,Off-market trade,"Third tranche; DGSR Family Foundation now holds 127,329,615 shares"
2025-05-26,Danielle Di Pilla,Sell,235348,3.15,741346.20,On-market trade,First of four sell transactions over consecutive days
2025-05-27,Danielle Di Pilla,Sell,14764652,3.16,46612006.36,On-market trade,Second sell transaction
2025-05-28,Danielle Di Pilla,Sell,7500000,3.20,24000000.00,On-market trade,Third sell transaction
2025-05-29,Danielle Di Pilla,Sell,7342150,3.18,23311326.25,On-market trade,Fourth sell transaction; total across 4 days ~A$94.66M
2025-08-28,Jack Gance,Sell,155100000,3.10,480810000.00,Off-market trade,Sold after FY25 results and end of first escrow period via Macquarie Capital
